original_sha	first_rewrite_sha	remediation_sha	composition
011fb980f38379d59a9a5ee09d262cf72d763bf6	cdbfd3765c573fdc60b8525f55f13f926cc1a85c	5fe9ff634450a58cc719b2b40511b0cee59bef50	composed-original-first-remediation
01dc9b7dca0d0c863a01016a20e4cd5eef3730eb	06f3d2036ccd96f1ddf0a8c21cf3aee37edd2746	938cfcd8756f24cc3a168d54d8076f7ec7538978	composed-original-first-remediation
03ecf649301d48c7ebd3579acd868091bfa63974	7e88e771c5650fc1496df021127af7a599c8ccfa	ef9975b6946cddabdf498dd1c40ec5e4007df768	composed-original-first-remediation
061249e19bb665df0a8fb2aa377bc197c23a48c8	18395f9b4bb18f583087c535dd23fa2bd95632e9	b5ed67d3c56fdc031c62828ccbf1299a4043cd27	direct-original-second-snapshot-github-managed-ref
064e35842e4efe3504fef2ca868ec07769d219fd	c1a208a06664838bf26cfa8c39db61a138cb16f1	eeeb8b2ef5c2a079d82c01affc04dc6e6e0fe418	composed-original-first-remediation
06858e96970a22be88519cfe6bf3ca9b038d1f06	541196cc56442b812ab565a1b334805760dfb5ae	f604556ab5d02af5f67d507cb23693c3d2197026	direct-original-second-snapshot-github-managed-ref
06ee0bf10dd0fba5a2c211b8f15b7aaaffc90b64	85dd2678570d9aa8d8bc9b26e89f30e8dbaa2da1	77b4d8c8b70f4c22bd6914a37203515e3595fdac	direct-original-second-snapshot-github-managed-ref
0715043d8b0f452ef97b3f1d7cf76255939698c0	839611f20cf8780b6ceeeef38a3df09a9143f151	330edf27d0e858060b4dfe542e7ac544ce618daf	direct-original-second-snapshot-github-managed-ref
0719397f161ee90f46c05b1d2acecdd648f9966e	0a5199e46bd25cef53f16a7baeec35f0ad244cdf	b7254d6a27fff234db25ccdddf17506a571066e6	direct-original-second-snapshot-github-managed-ref
073b62344f713a8f51cfa18630de770b920d4dfd	073b62344f713a8f51cfa18630de770b920d4dfd	a7b03efb5c2a83f7a6491a5911107416434eeeb0	composed-original-first-remediation
07e57fca614014bd577b0ccbb3a504b032f47320	898d3c2896d104cb52e44765387f8b6f65faabea	14adb548f255429076ee72868ced873cbc502229	direct-original-second-snapshot-github-managed-ref
09f48e7834cf681e6f08916afbb2890f81bfd0a0	2bfcb7d87ef4dd7b7a816d08082b51d8ec9a9998	b0101c036ba4ec63389c8554ff92f4248c900fe6	composed-original-first-remediation
0c4b58429597cec65adc0292c8cfdf6a3a2e211a	413b565fa7625c7abaa250271b8eb8b8eb4c39d9	cdd46ad6e91c0415c04d14ad06769fffb87a5121	direct-original-second-snapshot-github-managed-ref
0f8125227886a5122e2cd4de8691c4ff3c1ba630	562cd5ec94c81361a9881af2b77850c5c3179a5a	23bc16be712b1b0926096a33a6cb175d4c42570d	direct-original-second-snapshot-github-managed-ref
0fb2d3896a7c8cb4ee344886dbb0c157184fd365	18d68c0a80929d69ef5adb556565ea38e5502aa2	935995b2bdb881d7327e40ec69c38ac6bef67b18	direct-original-second-snapshot-github-managed-ref
1129058e8da307741835128051a5620f70dda5d5	1d6f45d8ed07df7bb3982130efb86d661897f0bb	ba55bc442b6ae04861b89695ac9f77fd73381566	direct-original-second-snapshot-github-managed-ref
147c7f69fe48d5c997301cc3ed635ecf1102920e	b57b086c5ba657ce08e7ff0b03b6a74b8b583876	3f3364bdf350856986db82e76a46f3ae175d0e67	direct-original-second-snapshot-github-managed-ref
14c021c5d131bbd6fc451bc9114e2d1cc6c61247	e728bda03ad8be9feae90173d3b585264f093849	94db2ff5e4f16c443d363adf81660bfb68fef8e2	direct-original-second-snapshot-github-managed-ref
16ef1487d399f7e98881c1ed552bbd6869b14da4	c6379c15feb436d67b2e6cd25670d7d2fed7de75	dae5565cd5f3a9b69ab05f3417a2a99974aa400e	direct-original-second-snapshot-github-managed-ref
1835c0eacbcabed366b8f3272d0d0582bc4ae56a	50e9132dd2f267095f07eb12379ee8c84b0befbc	f9bc6def1ac857df2b831da91e1e3c6cfc27e29e	direct-original-second-snapshot-github-managed-ref
19a5b646734c6b6a49d07512924d68beede0e295	a6a6572b3ecf626227dec8ba815494d20229193f	aeecb2e3803ba69b3d149fdfbcb9553240f58ffd	direct-original-second-snapshot-github-managed-ref
1a9f5c8adf66889946c39005ca61f4820a57fcbf	c24e6501f780f1852666ac4065851db5c41287bf	50c37d3e9509d78b4f50ad9d9db77000ac8c4b57	direct-original-second-snapshot-github-managed-ref
1d24e2422c2ece76ea25566c7ffd8c1adcd02c0a	337cfe5939b5925c78a23cffefd6cac6e98279f4	2e4eeca0d221b71f7fbe98c6da3f7424761dfa5e	direct-original-second-snapshot-github-managed-ref
1fafc4c048b32a1fc42f127e4076b6c2ba3a036d	b854c85db593faaac90d13fb005ec6987b9b7191	db4779fbe55d018d386101adba6f503daf66e491	composed-original-first-remediation
205c06df342e24ac93493c2508b738fbcfbf15c9	a7e658ec92dbd094c93978f7b050716e27548490	00fd0f3ab345c14b77972ecbdc3883ccdead7030	composed-original-first-remediation
21476cb4773b3b9efe03ede43818c384c6d9ade3	1003b63125f45eb0e9d1d1d506c34efb40b8828c	2c8e0e0c794f5aaf00b74f7b16cfcc07abbc474d	direct-original-second-snapshot-github-managed-ref
22d853b265a2c288e22dc60a987ca57cb65e1191	70df54b249b227dcdadd0c499febaf9f2388f957	e313369b70dc9c40bf102e409461771e5f357910	composed-original-first-remediation
2620dfa0d7801ddad2ac34a69402d8a2068a2364	432849208f0d858ce8fb5cf9ea090c08754a9868	fd871989b0e10b9390031b127b4b3131f7914248	composed-original-first-remediation
27b1213e01c2fd9c70d7df2044cac4855ab636af	27b1213e01c2fd9c70d7df2044cac4855ab636af	572a77a1ee64e49d3b688975c091f8a3dc4bc9e0	composed-original-first-remediation
2a57fd855a3686d01aae714c12db3333e7ce0857	3afe263a3f1b0476ba4df2cb4b60fa76168717cd	bdf3c5701ccbdcd7f1129ece0af91928713cbd67	direct-original-second-snapshot-github-managed-ref
2b8c8ed05d5070f244031eaeb9e52eb1fc1a07b9	aeda3663e6b21a50c7dae9c16edb54d1200259e2	58a3f40418c5ba379339ba1269022aec85c3e742	direct-original-second-snapshot-github-managed-ref
2e59e0bed42ad1b2f51c0c9dc918d8ac0f288747	3f2ef740d4a26671bd141b4b09cb660ebbe587c2	1ff2ad1b1d0014bb3d6799509d6d1d1a25701473	direct-original-second-snapshot-github-managed-ref
312705348dcf22d668abcbe2edc2df94021ce43e	9cc0163fe4a2366c01e886a26fefdde9c56ac407	b8fa64b517876aa5276eb4270cd5a2fd895808c6	composed-original-first-remediation
313319b8a771a6390fec9c5908486e181221e7d3	17327af8603ed7954e1491dde9a9190f294412f5	a144a955042ceaf28e41e66bbbe4cac194437616	composed-original-first-remediation
33e9557d25666d7552d27fe325e39c399bc85c13	643e840086f183e95a5ffd488ffd7eb59bf36aaa	17da0c7a853ebe5d412d971f79aaf4cfc3fc4eb5	composed-original-first-remediation
34e244bf4f95c0cbfa5b7451f5f12d20aa8891e5	cc1152196b2a9c1e3407e6f8962bbf42c79935ed	caa386a1eaadb9f40cc0915fdaf84fc1b512a98d	composed-original-first-remediation
34e35dba7d52dcb43b56cc8eb42f34ac9ec20df9	41d1b2dd7947f120c830f6d8588da683055133aa	ccf5fdb66a0621927a87e55c0388227441c6d576	direct-original-second-snapshot-github-managed-ref
34eadc9a2587fbe20f13b407896360b709c8ca36	03d128bda6b14c269a55838642c4a481e7d71eed	577626ae034588aecf7145eb21a98bc97ffef20c	direct-original-second-snapshot-github-managed-ref
35a3626103ef07aa693c535a9602aac1b8660d3b	2649d087e076c2133b843354975e23542d165b54	3ca12cbb8bdaf8de2dfee115dd0d545cdb2c77a7	direct-original-second-snapshot-github-managed-ref
37ca2f9d125dab63290306b6c971544e2aadfbc9	222f50b326e74f765a9e97672e757f5dc5777091	39550aa6ab2e1f10d8c7b6c992b1760d3d382e95	composed-original-first-remediation
38b188b74262f62e63374326cf1c2bc916d2e466	5620e30cef747465668fb5cff7becdf4ddede571	6d5ee01e5017c00647c3c89632014c80c1fc455b	direct-original-second-snapshot-github-managed-ref
394d3868c0465bf4dd5915ccc7a67a3a3e64a407	4a5ec65a6517f018ca0ad66b2db919bf290b0ca8	b69dbb4e9ff012cd0a2b8a5b18c9733e8880b6bd	composed-original-first-remediation
3a419f204a1ca5733dfaefc5fed4f3c41fdd0d59	913a2feb869de578a885d3315bbd5df41c8eb7da	e11f1cf600fc4f01b6302c052da785e3ec1bf44c	direct-original-second-snapshot-github-managed-ref
3b628522b73a05247279fae3b5d978dbf0b3dc0c	7a868c6bd8363326d8306c0ef1c9c86f27bb9b67	71aae2fa931012e70f2b70c907f9ba0913004f0b	composed-original-first-remediation
3c21be9385a99165d65430de908090ed556cd6c7	3a7480524a6101d857b9cb96d0ac1249432d9e39	f5aaec945043e85a898d532deec7041329371ca1	direct-original-second-snapshot-github-managed-ref
3c6a7f141f8c29c07bafb79c08df42c7097e604e	f0ed1c0b645194df6cd388b3257e37758a9e2c0a	bb60cb250fd408d466fce014b47c8b327dde65d1	composed-original-first-remediation
3dbe7ccbe0b97a81abe147a49f1bcb6b81c91010	9f3dc8078dd7118cabcd357cc859fd373a71baa9	6d9ed13ccc28f54fe367bb888609d4fffc18429e	direct-original-second-snapshot-github-managed-ref
3dc0fd9fedb6e889dbc460c3a7bb7440bee7d374	81023979a1c66b98aa28d738abe2382ea5cd148f	bc3d633b80f52038c1517ec186ff5dff4f7f2036	direct-original-second-snapshot-github-managed-ref
3ddea83f7dbe4def062b1ce375749617e86ee1b7	8104e25dfe81045c230f6e528396aaabe4ec3b18	9824e0f62f7db4478c9ea3ab22556cd33d021750	direct-original-second-snapshot-github-managed-ref
3e6e762971c63a04ef9678d0f046876ac6fd5392	2e2d4444189b88b88271b9aa984f4796a02d43d1	d9259e1ae5038c66ab8933c22e90063727852228	direct-original-second-snapshot-github-managed-ref
408098133c09c801096c245d9dc2b398fa1d874e	aec54e52a13bb3c747ef8fdb83ad6ad3a9cd88bd	dffa845bf47f08bfddf7bfd8ac38dab1038ff35c	direct-original-second-snapshot-github-managed-ref
41559bab02429bd4ad2f204dca8e5bb173b735d4	cb5777190e48e1ecb3fde11ecfdcad71590af668	0a32e76a0d1560383f6a178daa846d987735bf11	direct-original-second-snapshot-github-managed-ref
42972398b2693a0b7c79dd6be449ce5c6991a803	2c1c44bb8d614b0b6e0bba08183cb6c8cbaf35b2	14c9f3c92938d80d3bb0f8e09435ca2282af55a3	direct-original-second-snapshot-github-managed-ref
451c326200694ae60f7fabcd922b08df36b782a9	28e6b99b32eed9ba71ee7d08feaff32a19fe542a	976a672c30c7630b2b2c38e705ab6471b75d7d54	direct-original-second-snapshot-github-managed-ref
469abc97c8cabd3545cd3d3a13b967432a9708b0	01aabab8e6e9e87fb45f8ba9070dec61be7278a6	77410ead29e7429680e148d39e071976c6c4f436	direct-original-second-snapshot-github-managed-ref
47d4e07c7c73d4b5df8bb621a25cfaa5a0fd7fd9	5684851b56a6e8e975863cd921f2d4e0b915233e	17e130b5f041dcb62a5ad447ac08f5515903c579	composed-original-first-remediation
49b0318bb7e2cd92ed113becce4817304da4b956	30c9d8b0dbbef8d9b65431a8f73a3f6b989757ea	0fe285920ad332d685e9dc23a1a199f8b32d3003	composed-original-first-remediation
4a646e5aecf90e21ddea15dc10b851bf53d40f2f	6017991711c7209dcd24d867562a741e996751ef	dd287fe0080a90d20226d0a5ecb255773223b2f5	direct-original-second-snapshot-github-managed-ref
4ae4811aca9b4e377500c471b26d1c9b5c495384	b022b134394901927f732a24918a5e7f48821725	850de1e516a1d1b370233aeeacf036a6422a384c	direct-original-second-snapshot-github-managed-ref
4ca2c55e19efbd75f67ab2ce2bf1566b54c20977	5e65acdb3a7dc89827642bf93b1f74ff95926c54	2326aab9c6dca3bcfc5954055df3ca2def08e1ad	direct-original-second-snapshot-github-managed-ref
4dbffe95bf78e4395c4e37d9f2f8e3bf76b772db	256d5e78ff26a58d55a1d5a30f923475e3c0cabb	6e4edd68751e0083b362440ba77aee642f2ffdd4	direct-original-second-snapshot-github-managed-ref
51198c587bfeca3c55fc078dd9c82d707c7f7ccb	8d59c688b0d9987c0f1df413c751d20104653909	584ea69daea0ff55706b989f60d6b78968c26ada	composed-original-first-remediation
520bf467143007a03cf986248c27616c323019f2	520bf467143007a03cf986248c27616c323019f2	040646b3ab91b1a02627abb04a68f5778d3691be	composed-original-first-remediation
538a2586a0d7029c189bfda31c4ba05443dd1f8d	384409b92f8caa3ea492280867761cc0bb96d5fc	f4ac6a65fc49c0a56c9f896017301fd4d432095a	direct-original-second-snapshot-github-managed-ref
550b8ec32e046de2850b96e9a8a009e45e2f0589	79e6e369b2c1804d93ec4bdbedb5431240f58ecc	54488f32f9fad498becd40133771663d1dc36135	direct-original-second-snapshot-github-managed-ref
556e0f314d9c745c0ca9ad516e0062c0157bb9ec	3e2e2456d065e85149d292c3bbd62c42bf636aff	1a2625d5c8837e141c91a5714b8fea09b9c9fc57	composed-original-first-remediation
5608098402cce7d5922b2b4768cf1c800467d1a5	a0b5cbe3d3f49e090a257ced6083d09f81137b90	404a65916034c77880092577be548c924d5311db	direct-original-second-snapshot-github-managed-ref
5612cd1a64ed397c6c68da6768cfe2cb3979f5ac	11cd9cef89dc64d71abf680aa6df7e096e27cc51	f494c5961051a5ae22d6ebdd7300d92aa7ead9eb	composed-original-first-remediation
57179008ff4d15461509684ff60fa8b3be81517b	c61180202dbe826a6c4905b5e3f8d2bf60a90783	f839ce36e8d68045207d7ba86427449933ec85fc	direct-original-second-snapshot-github-managed-ref
5818bf935992556661653adbf7912baf5dbad2fd	3bdfcdab6ec16cb6e56f17a874dfcd93953a1dce	e6713e21418031844ebc29dc5b386c17ef4a72c2	direct-original-second-snapshot-github-managed-ref
5976bd4b6120ad3f22596a6f8086815289051b5f	d94428f0ada59c9cc1400c3bb46bfe052b2240e8	1af9f82b3312f6055a49b05917c3652e22e5bf7d	direct-original-second-snapshot-github-managed-ref
5a237b1e20fc34838fcf1fef816fcc5c5ef2ee9d	3ea1f293d6e9eb1a56a829a1be38858bff0a6c80	663c0f384e472da465f8a1ded23de46c5a49648d	direct-original-second-snapshot-github-managed-ref
5b1870c1ee8daf53a56bd47b5df529a94758aae3	7b1b700f2ae7e95fb8ba7fea577deb9600f1da16	52b4b8bf6b27fc027af8de0c328cffcd07da0094	direct-original-second-snapshot-github-managed-ref
5c209eb14632c5fa88088554977b3ba3a1a851ca	3e7280903a730102792229d9b4665f82a4b927d3	d99ebbc500770c8d4cccc1d83972dc9d152dc697	direct-original-second-snapshot-github-managed-ref
5eeb2d2dd084325062da51701b277809ec71e99f	7c2d8a5a6a615079c825b8f986da4987acb7ddca	aba1363a5fad6a8fbc603753c22ce5fa247ee772	direct-original-second-snapshot-github-managed-ref
5f4106c9c5f56ee091b8a6128c459a17a3a553ef	2cfd41922ce7d16d0e18e5a35755b57145c6e952	47f8b4d0af66e87723857886512269a98933a416	direct-original-second-snapshot-github-managed-ref
621e181dde427f8b6d097c93e612a91654a4575d	4f62844166f19152dc7c42cba06ca0e97e4777ae	291d388f0d4b86f7e69c31e410f080b67b81d491	composed-original-first-remediation
6356e643fe1c8a0a535ee5b60b3946285fa611a5	3d121243c00472ea31ba22a07c8966252788f6d5	3787e100148939cfd50561e4e6f0efb44d24e853	direct-original-second-snapshot-github-managed-ref
63f49b040d94348819cdb9349568c5158a5de5f2	0e75ccfe06255a084b08b74da2d754040211fa0b	38ebdd4c49fb39e04538214bc8a7050be6b0d414	direct-original-second-snapshot-github-managed-ref
65b63f88a5d05f0ee98bf45a45d645e9c26b5a22	3ba49f5e86f61bbeacaa7782f4d2d641acd33892	5d2fbc613f64c2c5be91494827453151700cd3eb	composed-original-first-remediation
65c47660b7f1cb8360829003c1df8a9d6311f0b4	bbef7acd1ff49bd4c396818cc5314e43b0ab189e	5c992311e80c902cf928fd2f23a1468ff61129e5	direct-original-second-snapshot-github-managed-ref
66170c8f8338f8b362e6e2a0b26b2ac42c6b9ac2	280e8c65753fe19c0419c89fa1ca83f5d631d552	dcdcfd8b68b499c45fcc81d7a65bf8543728a52e	direct-original-second-snapshot-github-managed-ref
66919bb43e6e5a2418bb91d43a7e948d4619c399	aeff3098cc2d2a4813229f6fd7cd8c21c22b4a42	0ac13d60c92adc9a4f744cde7c589dfdeb2a5c19	composed-original-first-remediation
66fa5b6cd48c35081db105308b8de922fe0705e6	b87e46b200ec6a42743edd60603915498d39debc	0ae977313c20dbb842c8a7610702907253c93939	direct-original-second-snapshot-github-managed-ref
67844fdc648830e6a68104fb82618eb36c3d6ae7	f6f8d48ac18a371e42a915f417d07e405cbe9c66	5421aedc8646997ae2fe21c7391d45588651cfe3	direct-original-second-snapshot-github-managed-ref
684b9d12418b7b22588ea4c1967be85ec1c8f469	f6b5876c503ec59cb93cfcf3afdfc4d1975c3035	28607cd38f27fe3771922a2ceb30f4a2ee685c8f	direct-original-second-snapshot-github-managed-ref
690b44f69f5eef5ddc024b0201c16364ce62593a	0a9a619537d769da116c4157fba023800eba7bd6	52a887c15d8fd7124a32084e8226ad1e1abcf7a3	direct-original-second-snapshot-github-managed-ref
6a48ab7af950cfd898df21b6c0d78dd0283e7fed	746b0ae661fe6750b2b6cbdf8856ee19632480a2	aea1608f3add44122314b8b701dd4987c607f8be	direct-original-second-snapshot-github-managed-ref
6ad79f1c19fce82fd4c7eb733ff8951376265914	34391df0361788e32963a9b4e0e0d251b9b4017b	055dec75fe3ee945a31046045a52b511ba197207	composed-original-first-remediation
6bb9bc8f4b140d6601da1cb6ab235ff1604805c1	2f386814f0c030ffd0356f74eaf1f7a52d9ab3c9	57c1793d535b1d54cc57084b99ff936caed22fa1	composed-original-first-remediation
6e215bcff94009f19ae3b034b6f6e6d7cca2c5d0	9757849f70e7190bd0c2dbbe8373779f4f7cf930	4aaee58f47d5bf47f5eb219f0bbc951bdad3bfb7	composed-original-first-remediation
6fe8218905dfa7f278a908d6cc852d69df4a421e	391933ee4c068cc90c7147725cbb2099713cb5cf	d64ce81497c6b63d53b7f153894ce560742db5d0	direct-original-second-snapshot-github-managed-ref
7003056d28b95aae7ff5831a2b8546147c8bbcc1	af6b396e44532a006cb1e17eab2d386e2181b051	cf390cd5750f2ce02c58286f121fb68bd5f6f86f	direct-original-second-snapshot-github-managed-ref
728139eb07032841b3c7d4103f3791677c63b6f9	44aea273e972ec16b0137308fa68625d095bcd91	903eb8b69129bcb9ee619abf8ac015210c95c023	direct-original-second-snapshot-github-managed-ref
734b7408130e43dda465f85fcb8b0788d92187d3	0402490aaa726d374961e81a94bbdb12f3f3934c	052f9f5f504205c5ad8a03e56a412bd875b98e08	direct-original-second-snapshot-github-managed-ref
734f5e62a0282b08331424cc759868fd9943fc87	a6f5c3aaeedf8caf325f0d313db8244c0f6a2bce	ad95249308991b3d3f3c46e6d93b423f998127bb	composed-original-first-remediation
779ecea9f0cb035b4405fd9dc3b5d4d5f6678e2c	d18f4d830c1f3ae39aac1710b0b5ac86bafd4c3f	1c1fcce9dced4cc2805900742483c80c5a602a93	composed-original-first-remediation
7838e20d9097801928123a469c0047d7ac1ba6ce	eb098ad2bb7971e643620f955fdef409d8ced37c	f98c61751cf661904b561e9c1a459c34b91aa591	direct-original-second-snapshot-github-managed-ref
788e1c7e7b36c18d1654ad297bf4376c02f14777	0e7ce26b7dde61f0f2641e89e1b4372dc39b40c0	ca428d007cce30f0fae88ee44a0769ae37128663	composed-original-first-remediation
78bc28ec0acd8d33aef6d496860978a247086031	d9e091ebe706b710eacc68b0f0850f7f80ee1afc	0b66807f834fa11be57b5cf612ef3d5a2c37ba78	composed-original-first-remediation
78c50bb1222cab92a4d81a33a30d868f92028e23	224b7b49c3f117ea26a5ad81bf6c4da52d579b24	83fb53d05e26dd8329d0dae54be5491acd732fdf	direct-original-second-snapshot-github-managed-ref
795d0150b3cb03510523318eea9a5ac4b5ea348b	defc78a04a65fc542bbd25761c437786d9b55a07	c8c371ea4abeee4d6a534027e53881c49131a06d	direct-original-second-snapshot-github-managed-ref
7abd634b76029a092d8cb10d5c57e41729d49418	51022c10434ce46ffb4a2cfbea2d5cb291fb4b92	9f51eff5f78dd4be5f5b9f631ab2d85db05d2295	direct-original-second-snapshot-github-managed-ref
7d1f66f96a2d205361212234521e61f1b9a0e19f	c262a6d4a9c87f0ac99ef9a7c1138fc4c9101c42	e13f2ca57fabf3afe75bf949c5a5da94491a5765	composed-original-first-remediation
7d364fdcd73e01889eef07e47a87261a450b3079	56dc5eb4388d1c714b53e26478dc2745757f69bd	cf3668db58e68c658ca64be57e4ea3da3702c690	direct-original-second-snapshot-github-managed-ref
7f0a571c9d5b6767623afe2541fc4b92e4f5eae9	f77aaab744d59ec61cb50f5a838baefedb5bba13	9d8ef8f1c6ce4c871d5a78851fdf9c2560a66a99	composed-original-first-remediation
7f2471b31ac5ce59efa98cad592039c978ef2b4f	95dfafde14d3e4c8263d9ca59c6a15aeef29f0ac	44b03f0db5d20b091900b242984788c104ed911a	composed-original-first-remediation
8182de2f476290f4867ded6bfda924bc67effed3	3f8465e3b8df34f20750ebfcd190ade58867494f	bb44bfb9f6e505bc60f7d3c59d5c9ab466e95913	direct-original-second-snapshot-github-managed-ref
82dedd77beec79a4a954750f6539db9c3d3b186c	9f9f248b084022436298ce0000dafd49321a5f11	7b832268515b2953ccd1ec2d57f32a8c430ef3a2	composed-original-first-remediation
832f2d17bc80619926373592d9a93f6bbd67127f	847a006362eaebcddc807237272184dd22e46b8e	70f4f3912fe34a1be3fb19eadd721d46ea77b701	direct-original-second-snapshot-github-managed-ref
835f5d326288222f39e7d8854672a7bdea7b0021	e4f89ce7fa5eb7b1d4a702d9d76ed89cbed51a9e	24e6278ce0dd2d1243f24f44b827cfbaff7e1a08	composed-original-first-remediation
836361a34ad938249cd0e7c3d54baf3366487835	036bfe5378b0d374242e0a42d9e829867773644a	b024b8ad1557e551d82bb8fc61e1a6c055fb7081	direct-original-second-snapshot-github-managed-ref
8464b3f75816ba1ea158f1e80f71f037dd7f2c84	1cc6da58f54930c83ee8ab4d9118874adff320e0	f0de8cd2ffc6ce0ba527413b01a29b9c421ddfe5	direct-original-second-snapshot-github-managed-ref
8537dbec94a5c463f72f616962de8784887a295a	8a28ac1375466846d59b07eaed52c46626f0514f	1134cb6e5ca19581c871bdd552e6cf546fc03cb1	composed-original-first-remediation
858333a7b3ce905916b102c10c3d3937b9b81c85	3f5f7bf9049e07a2a75dfa8139e1bb74aee8695b	2989757dcf0bde9a8b73f4cdaccdc304d1205188	composed-original-first-remediation
8853dec5aa1ee8d2735c37750603e9f416adfbaf	96ca2815e80ce8e9cfcad5b3d39178897b91bd8d	b68f8dd0e20ea33f546b0e676e980d1f5188d8a4	direct-original-second-snapshot-github-managed-ref
897d9170c432784f7ddc6eb32899aa1218cc33f1	3d5234d4201f2dba7bb9a7e14e607dd781eea670	8f06b78c2e2144b22bb79db9cdeb393abb14d27b	direct-original-second-snapshot-github-managed-ref
89c4a9ff99a10cade9715d6c75079bf18f5c9050	adec25f42850f9f0d25f3e413015db953bff241a	5e125f1248f0b3811d7ae8dd48fbf7f60327d739	direct-original-second-snapshot-github-managed-ref
8af7d05537cbf0607415b4d67b6cb6fbb5abfe76	9aa6fd3f00b661d8a51a9c8941ff20e8dbc96af9	717c0b608022bfe81e59e252d1d85ad555cec095	direct-original-second-snapshot-github-managed-ref
8af867ad7ff415f44546e679201786c38a5a3620	8f6dd608dfcb2a0b87ae06f6f9abff6efbe00307	0d912b810e6f6fb181c9ca5fee3ce40d216bc294	direct-original-second-snapshot-github-managed-ref
8bd11ff622567cc933732123a590b6a8c8221ad8	7e425db42cbb88aec9e4cef65656a4ae3e3d2d37	1de4dc5759dd2f7f78a85b2b26c8bc2bf0733ff5	direct-original-second-snapshot-github-managed-ref
8bef906c3339b3ef56c837069dbd0a31a09f9660	f4f96a6cc9d44ab9b6b30a947921c9ecf7bfdb4d	d8db194648c625ee6bfd559cc57393f7ba3ad762	composed-original-first-remediation
8c1524e0b05cd9ca757150fe6b2783d938b419b4	09bbc60c90b609093ed5ea50df348d86d6ebecc6	b4248e124b4f9c892770c5349ad519aefcb2feea	composed-original-first-remediation
8c5c26cda7920533c1b1fbe1e1f0e34cff139c62	8f99a1b29522acb10db30d16ab913f7b54fb8048	d413d1d65660f21a7970488aac53e85843329347	direct-original-second-snapshot-github-managed-ref
8e12e2147a6fb5c70710d72283feb09e9fd47b2d	5a15d0895141c483234361bbc54ef29a57ab4847	402708490ac8a665046e2e71e6952154a22b2488	direct-original-second-snapshot-github-managed-ref
8f1976c1647cd3aecccbcefbc9775d235eb87f16	6e5c091fe3396a7abec1f7884e13b55281e853a0	c8c9ba3a447cb2ab67262bf0332610cc9fad4c8f	direct-original-second-snapshot-github-managed-ref
8f2711859269a9b92d2473b211b5b91fff753c2f	9598bb4aa312577370cf9468d1720fa1fe2e483f	7b2917d578fee8787745c919630d5e323a98103d	direct-original-second-snapshot-github-managed-ref
8fd9785821bb7fa6548278b3ff1b0e4c53d409a5	5c1b2ddf5e5a399b72343da35e84ac69c7fb0b84	ad792c39f167015737d00e780b85dda6316d024e	direct-original-second-snapshot-github-managed-ref
903d349abd93cba98ad1503b038b95d76f38e007	758a6fd04af0bde50a5877ddd71035dca94df9d2	489358e1803d24228f54b6255c4ddbc2567ebeeb	direct-original-second-snapshot-github-managed-ref
904792d44fa430bc392faac792d1e2811d16c90b	17c651ee084b6bb12df5000eab6b0db2e38f5ded	6fa7dd5bbf4039d11821d91ea34240a779c08779	direct-original-second-snapshot-github-managed-ref
907781a1de51d31b50354005740967cde8cd7d92	857f0f0168d958046ce33df9236c45f157b69a6c	a5c623897d9f5ad53d319ac9025fa59aebd8d474	direct-original-second-snapshot-github-managed-ref
909ee8c0e31eaf271861d0bc8cf1c6649dc8782e	b816424a9319d1ec6d8a102879abb06df045e5d3	9e1a1b34c0e7baa51561d77b2d6050ef701d77b5	direct-original-second-snapshot-github-managed-ref
91445adb6ccd1a2249255e82f589b09968f76675	622338e9e9b5d738d7765f8ee583c53c6d1c3e9e	de5cda0f88b9ece0485316d946e2615ecab301e3	composed-original-first-remediation
92b8899c4aee372637ef5078dbe63c64561cb060	a1540fa117ccb52cb93b790fcc53e723e6291ec8	51d994e2ee6c3a862084e0ca7ad454f30793812a	composed-original-first-remediation
93344ddb89cd3b74c77f3adef14262d33abd095a	ff413df531b9ce8bd1c9615ebed42f44d79459c6	dc3a0e6b7d951f59212430c754e41e4055621872	direct-original-second-snapshot-github-managed-ref
94393fcaccfc19d759bc85ca5c895d25fb6f2bc4	9dfc321ea37b208c347854c3ef194c4cdc1d75d9	b1cf87d4659fd0b38fcf51f58c5b9cdaaefbc184	composed-original-first-remediation
97142425ff1108c6ee9fac66c02c14f08473a240	3fb9f5e9893286d0277b8cda3bebdd019ec60f74	163ba017fdc35d4b0f35aaed222a78cb88b33d23	composed-original-first-remediation
989c6ddff5179b9b3ef6248d52a5c412e2bd5e60	e6c8bb19247445bd5d61653095873732f5ff1f01	23378b524b1b70560e8e50aca6005f31e106fc36	direct-original-second-snapshot-github-managed-ref
9a31fe3da85c1cf516f9132f2c3069cd50898165	0714c5f0a2773e15eabef8b0b87949697e5d5d06	f465152f8ed52735b119e364106a493f23468796	direct-original-second-snapshot-github-managed-ref
9b7b4d12aa21fa987b188fee925ae38085d6b7c1	443a49e4ce930913cd7e4883625b3bb226b24677	925724afd93d11920169ff864f832b34694037e4	direct-original-second-snapshot-github-managed-ref
9ccbb206c5770ab8cd8e30fce40a82ffc77524e2	57475893a4db814ee1361089ab76d7a6b3a2016e	1f88eaff911843bb482631929fe567843b4a3997	composed-original-first-remediation
9d78f581749aa5f36ad57f12f9913a264083c17c	1d595e0b91f1c52202d11012f24d602bacd88522	5ecf3fdc0567ed7831e289ed18e9b0b2ae155d52	direct-original-second-snapshot-github-managed-ref
9e6605b2bd00c22f9844d7d57b492199d1332bab	6f67ff3cd6df4a471d3a3dcf76b7169d07aeb790	233957232282af98978756aad21d65356b69c0d6	direct-original-second-snapshot-github-managed-ref
9e6fff120eb771ac2dffaecc578b97ddb868b674	86ca61446066101f0d30f5b8a92ed254fc8f68c6	1dfad5673d0c891f9edd0ea7bb1919b94d67b634	direct-original-second-snapshot-github-managed-ref
9f62de78a08e7f76cfa7c3074d18194f9f0d27b2	932983c89771aa21238daf7e0dd8c092b846c92b	15ae76c1613127fb45bbba16ec8280a7a3e808fe	direct-original-second-snapshot-github-managed-ref
a0452a84eafb8f1b594469eed4717642d70de187	4666a256bf3691e0038bdb809a9278215532ada7	f073f4860521ef524f09e6402b0ab0d16a008c87	direct-original-second-snapshot-github-managed-ref
a07e0714710b6d767bf2c22e6d1b665e960e8b33	8c735c12539e62a08c919cdc6dec49f1fd3b4065	62f3a594f5069139a01afd891b5dbbd36ebc351a	direct-original-second-snapshot-github-managed-ref
a0b0a6c17cd8fdf5c593e72cb6fe75bdb87eb00c	5a44e3e6763862feef40d1094211b82b22ed68ef	3f697dfc6172804baa89a2021a4124b1e46d8e67	direct-original-second-snapshot-github-managed-ref
a1c10715a771bdfa204c50102e47403c64a25c9d	7eff4b6df14fdf55f075ca6a8af5f27aad784612	b56d7f8e1bc202204b8a9d3175ce2f29a9898dba	direct-original-second-snapshot-github-managed-ref
a76f49f8dfd339c4430b81b4a76bb0893aca8262	d2c1d079b99d674456b3950b4ca0848101509cc9	358f99ebabfafcc8830774d0744734c37be8da93	direct-original-second-snapshot-github-managed-ref
a7cba10ae4823b15df52c4e650abc517ec0baca1	6bdd221b244e77b63998e4f0ad8377e448c941c6	56b6f49d2edcc07c1cfe93d2d181eff38e7076ea	direct-original-second-snapshot-github-managed-ref
abd73dfe983096635fdea68de529df5c3e9fa8ff	55a56e7e130c084174a36acd253b0b7d0fe278f3	3bd44a8269239e6b9eee967f0974ce5459f8df77	composed-original-first-remediation
ac3a41d6c70baa82ad97d18702ba5f8a76bea813	d4ef768778d687d5fe1c48548da3f9ef743606e9	86e3f0fcb394e122604b55ae2a4701e1d08cff3f	direct-original-second-snapshot-github-managed-ref
ac4b458249e87a6e8ffcbe907b98601a779d7408	5346ed6cf10e30d64929a72eff786fd75ac3832a	b32014664b2c732db668b8a9aa1131e485b8fb0e	direct-original-second-snapshot-github-managed-ref
ae492506f97972bf9730766dbd5d996879a7d151	89c055975f762538c13fac3b780934180a572927	36b99d512fc5fff41f38d9e3722d2f27681d22a8	composed-original-first-remediation
b0bc0b39be4153b60c70b00a950f247b7981bea5	ece127748746da05300bdf3ceb91b0b5c8b89584	24bca4c180432cbb5653b761305325277a4749f4	composed-original-first-remediation
b228590b6fc9cc1817f8acb131a398bc4a02e93f	e708f0680fe2721b3177cf4e9bdfd7d10f136562	87b9b90fd0dd1e23235bee22c6579dc700903c93	direct-original-second-snapshot-github-managed-ref
b26e2c7fe2783b9f1d5433d0b9e1ab89bc5f191d	83d08dd633d296ec4b87ea2aad96d4ec7e68e57a	560cb46630d98da1bbb1984d2284816eb951dc1a	direct-original-second-snapshot-github-managed-ref
b577d0a6ef4e21df998ba76fd17d53f419d7a0c5	9fb6c7a702ecdf5b05b3bdadbb3409556a25e0d0	b384eb18c7b44642de991f86a6567537d3d2e54c	direct-original-second-snapshot-github-managed-ref
b7a293d10507a71664d3ce96389de21cc30ce5b5	90dfb298796f9aeb274981bca3b5737282c6648c	f5ab4e16b200d2481f46b404eb6575283e5f0b3b	direct-original-second-snapshot-github-managed-ref
b939c09420ece53b7a2c83693bed17d865153f56	944fe10617c2c042b50ca618e645dc44ccd992d2	2a25352bcd4a35209d347ca6806f77d6e2d741af	direct-original-second-snapshot-github-managed-ref
b9fcf80763253593f1b183c69abf9b21b8b04968	3276afcccb08fcf55d687c330780b8b8dba0236a	8e7e6dc44bd3d6d3232e26eb69c7bf2189e8fd25	direct-original-second-snapshot-github-managed-ref
ba8766204dcaf37bae3624756681ae7ab8288186	532a9c4da7101c15b3bb294e7b24c6e717c1069b	2762256f0a2c8f2011c27f09d1ee12d8fb3a538b	direct-original-second-snapshot-github-managed-ref
bb6f457a2f8cecc1f5d216ebb725863a758e438e	950f114e16f576e97cb2d7de9c2eb727739df6c5	6e3dceb377950c78678198aa64653d9346ab2d91	direct-original-second-snapshot-github-managed-ref
bbd3b2bd2305ec1c686b75137e5c96f9fc54ce54	19ec63b93fb12b4eb8336aeddd8ae409ba4a78e3	6a5bc348055caac627964c514ce212d289633475	composed-original-first-remediation
bc11d8c17d6c009912d73408232b361b2b85bce6	da21abcbc8433dc88520a6b42f4ce66d8c697546	38b567d023d7efbef87ac2dd5bd553acc1ed88f6	composed-original-first-remediation
bed072333d36d235402b6f92c1dd3191230bd5ea	c5ff64c4f6e0bb6063fcd0925d930b3a78703041	31d4a81866d3ed036348621aaa65eae782865b65	direct-original-second-snapshot-github-managed-ref
c117c5da6129af11ff5e7af178b6d0889954ae0b	57a4804aca32f25e43ad8310169b1606494734d6	dd86b269f3be6a63296fe030bbb43ad49c96ac91	composed-original-first-remediation
c21194d485669ce32bfca1a814074c4074e2b9bc	4fed7ae88b63b0520235f136a099405efeb956f1	f1b0221566adfae68fcdd5efabd90e38f7e2328f	composed-original-first-remediation
c2dc76d4d26c14db51777232d09e0e2e8cfafe77	2024367e9b16b9fa1ea9f7bb2fb6cfc884526685	71756c929d3ea5a64fbac31ced1c4e22b0fd73f7	direct-original-second-snapshot-github-managed-ref
c3903140ef9efc2a83d43671d3afb9e1b01a2876	1bf86c02fcacb5655cac45a02c5307970e7d62a5	909324ef9366b05301cf7090dc8b4da0c4303669	direct-original-second-snapshot-github-managed-ref
c3b3d246a690ffcff555f0e51285034d9e5e764a	d6a931c6ad1b44f1a658dd96af61126c97f33cc7	5eb9eec69f61faee0ba19b6083b7eda140354f23	composed-original-first-remediation
c5e54a9e06641f56fd31c5b84f7acd97c5e4f33c	8a10f523fcd0dd7cd2c9cb865b0da40545e43af9	9ba063a97798cf40b2a2de60a27b38c85c32383e	direct-original-second-snapshot-github-managed-ref
c6125357c2027d73651deaded28af319d7967e91	6a4a0d38fdf1d919eda85e6c8edde2bb3fb4e3b7	8dd0252d9e0d3e223dd9efbbd798b3e389a91abe	direct-original-second-snapshot-github-managed-ref
c6cb964bed061d72850549b25c7a176e13fa1450	213a16122ffeaaaf4717c9c3e3b0ea46f35a7e43	686898dd870a357011490a6f3cd3ecf17147e7df	direct-original-second-snapshot-github-managed-ref
ca81623f6317a865f956fbd4f673941a48252a35	4927ad960817d00bc6ad1f4016ae8d49cc888e43	cdadf20cb98d45c01001d2eed77e830c93b045e3	direct-original-second-snapshot-github-managed-ref
ccdc41b4cd80edee044019fc451d0e2ddbfd9fd7	088f22614b32794e6bcf653f1c5ea51c67af9bb1	aa6ee38f2d61fc570e9c91ec1ef28b6b45f2fa0c	direct-original-second-snapshot-github-managed-ref
cd2f35fe9b758a8bc02ffb633574b5193494efec	ae437eb2bc21ccd51c1dc213a0d8e8899ba43d71	b76afc2b9eb11522b8e17b29d5536b52647ff730	direct-original-second-snapshot-github-managed-ref
ce253146d0002d740c9bee47e8ac79d5cc2cac0f	7138129c1a3e89957d937b2e3a76f1ea97a28727	c2c6b795fd321d328dfcc8708a51d16572b29c7b	direct-original-second-snapshot-github-managed-ref
d05bb0902b125465b77bfd570ae06d7905eabdde	69874f0fdf90172ac964cd76eb04e26792670dda	a13392f312c079dc7ecf0e3b32a53700a72a12a0	composed-original-first-remediation
d13d76e9361c888e0189450e7a489891def36cb1	b1d23584cffa7ec0ae186200c0905b3c2aa649a7	1e138647b163021cd34720498d4665bb04295a81	composed-original-first-remediation
d17a8b2fe7fd497882969510fea6fdae4923bae4	f0e0dc00c757e89c646d0287695dd542546cc91c	f7987e1cd65ddc99ab5e0670ce0b485e26ee4373	direct-original-second-snapshot-github-managed-ref
d321d19b5263ea74abb3d9ff5e9ee31868543088	c09b02540a0ee2b1801f0768db89719301b591cb	e723fb325a18a7fdcac19aba18a9eb7137168a28	direct-original-second-snapshot-github-managed-ref
d48ae392c37e05a79914ac6e6d0373ef77490ac3	159d41bc68fc8f2af807f529735e70a0fa0b6037	549ec8e575b5efd20184b8536443ee28b8c459ee	direct-original-second-snapshot-github-managed-ref
d66a357bc5824707bcc0a3bb69d31c7fb3a939f6	9de967344f035e48833d48759d20984d7f0009b7	940b4740c7b996b4b32949025ae600a4c511540a	composed-original-first-remediation
d78cf45c63ad4c375bbc592c94830496bdb09534	083f3a51fb3509e5e45909785dd87e762c41f4a3	ff6e88b6d73f8449fb3b6a5dce2291ad1db1e4b7	direct-original-second-snapshot-github-managed-ref
d79fa3637632eb60cafa41c1fcf41d653ee58e2f	fa1320d40c051fa8729353a09957d2323fc7c174	e2e8482c30d7747a65b1ad70dbc9060f7ba44736	direct-original-second-snapshot-github-managed-ref
d7ddff8b07520a2b21b330cc471485e68c54be10	c5cdb514d2ad77c2392b2d4ab745490e994257de	d6bb463641975938170c366e31559807ced1676f	composed-original-first-remediation
d83cf856f87ea82813ddd19a3739a6f153e0e504	dadccb51181ed624b2fdae86476979e8b21c5fc0	b10af49f8f54ed4f82e3b15a43bc9afcebc6215c	direct-original-second-snapshot-github-managed-ref
d90db21d528c3c664faf065f65ab97de84c6efad	3a4d41363eda3904a8532c9bac4db666ee6c15c4	e30f11bb26cb1ca36fbe8b6e9105e9e281cb03a6	direct-original-second-snapshot-github-managed-ref
da1469877abdd65cd227a0f6e79ea3426c6783a2	c8212e8e3e78c6034d61c9cd2ef1278ff9416353	a1529507990843af6fe5cc78fe1f275883f50fae	composed-original-first-remediation
dc0a20417733e04534c07c9849df2957750a748a	fd6b0433b5917fcad6c5369741411c932fa4f50a	a954e31963c4a2232a21c8f8bcb7bb49a521d6f9	composed-original-first-remediation
dc7377c3da0448bc7361e93e9a75ccbeb1d2b547	6210aeec8081f8f65130f3a394cdfc2576fc5e89	71719880532a2537c0f40a4f4498009e3265cf83	direct-original-second-snapshot-github-managed-ref
dd9b1327d5b858d1a23a568b876ba46c15815eef	484635709aef1d5f3a68b8af6ee0781e96c503a5	9eaac61c6ade16e8b93e4ae698bfbb618ea900fe	direct-original-second-snapshot-github-managed-ref
de7a140b882c737820b2ff1d332198544717bc9a	9d0067826b84da52e1ca31ab0e340170dee0c31f	11dfeeaf657256cd6e1bbccc1c76fbbf077a9522	direct-original-second-snapshot-github-managed-ref
dec644aef3bf74c26a92a11e587c2aebf661371f	5f4fe739b035cf3703e872ca93e3a469b37194df	21d15dabdc92e8295d784265a616230eab55175d	direct-original-second-snapshot-github-managed-ref
dee95f35741a28a4dd7fa640f927f8304d9b53de	172d8e40c4e45bae72da1b504fc83b34e13202f1	24d3eab3a9aed359011f60e3ecca2e47e2a3078c	composed-original-first-remediation
dfcf6eadc4707bed1fbf9e75496e3e4fc7f33fa9	c29744f96b7a62b03fd20edf29dd4c89957b56d5	fd7d8daaa8585de05afb7fd0fd8561cf2622b820	direct-original-second-snapshot-github-managed-ref
e059f8890ac7be82677521e7c0f6e549469b9b9f	8dc4057158bae1f856078b21b35a2dac13ab2186	f272ab6c8bdfdf7ad1420e00b95b4d1b4ab35b45	composed-original-first-remediation
e268dc5d4579f59353bb77f150fbd12c43c661e3	d04fb4421960551c61909a4deab952227c2e2e22	9af53beee7b8c9452a9452a614092e56e5f4f31e	composed-original-first-remediation
e2f10b359b7af7ab1caf4a102cd09d7703db5be6	0e80aee5270765819978830b90ca4f5ab9ba85c0	5101837b0dff3fc86f42c8bbddfedaa34fe6a116	composed-original-first-remediation
e37ea4575876a14ac72d049917430fa861e08eee	b4880bbe7e4e21364dc4b443bd6d8992047331de	99ef3a1154cdf69fef989adbae00ec33243d7824	direct-original-second-snapshot-github-managed-ref
e7e5a91810f36aaefbe150dcae38d676558e6ced	260a1a44fa5d52649042634bd5721c3008375b70	714aa5a7fda95eff1d25aa1b22e78f172dbba986	direct-original-second-snapshot-github-managed-ref
e8a119790e9bb3c02a0e92c72d4c35e9a8ba5617	a0f800f263b456d2be8cf3463379f228f5ef496c	998f89dc8468dd6cc3712caa4d90ce53b8c8df28	direct-original-second-snapshot-github-managed-ref
ea890ea02d2ad79e56007e21039647ab5ae58460	ec4923fef51018580ef066d261dac18b3cc29ee8	bb3f9fd89636ae5b2485d50b906bcbb06f6601fc	direct-original-second-snapshot-github-managed-ref
eab683566a6abccaca83cfdb224c290bb2397ade	940c4a58216e327069845ddf6b626cd08606b43a	a36f75600fa3fa42271dcf5b3d1ae329aa07d814	composed-original-first-remediation
eb2820ff4aefb6f8e9678d590ec1276beef15281	3f48598ff6d246b43363fc8c2e39605d78884b90	5684ecda31505c18a98ad9bbe2a28729b32ee2d3	composed-original-first-remediation
eb4ba5026251133fef64d9a507c1bfbe17c5ac26	a3bd5152ef1aa9d1c946837c141e6d168f1fb6c7	b9e020129d2cdea4a14a4f57d804ec47191e82f2	direct-original-second-snapshot-github-managed-ref
ed81a6d3b7a3de24e942f61064a720e33f025c6e	8dc3e9276be11a8de7b9cff21f6748d273ae7685	e67b0c420f6f7c552e12fa92f88416d3fef74773	direct-original-second-snapshot-github-managed-ref
ef69518536656b1b30da3184a225f63906cf0778	22eeb478883ee7b721f50426e26d8eabbf00b6da	e6e05fc769ea6c25ddefde966289c96800fbc641	direct-original-second-snapshot-github-managed-ref
efa089325b76cc3b383a95baa3cdd56eae49bd35	141e2456c8d7176bb39d3a0d1daa70dab4c86d53	f44b6a2c53147579acccbd360bbeb644dcd87af0	direct-original-second-snapshot-github-managed-ref
efb61b5857ef073c33582bbf0bb049c7ab6c39cd	efb61b5857ef073c33582bbf0bb049c7ab6c39cd	5251e48faf39f8d3ffb9ec4017c354e5efa5965f	composed-original-first-remediation
f02b4218d2ab32adfab1757db54cfc77754054de	d89b48f7c18244b75e3b067f193571a040295722	408fe169893749236e322787bc06d23ff77596a5	composed-original-first-remediation
f25d8f6639f3e199b94ee3a5a8cfc6d0b9ed696d	2ca5164350d9749620898cf5d5251dbf3a38f215	b02f90962070e302402f5cef0bce7ce051450692	direct-original-second-snapshot-github-managed-ref
f269aaf5fcbfc7454c327a6ea89f3bb113a2a90d	6eb641385658610826260b13e9f314b8400c54d3	fa1b1315eb948fce9141023880cf0b2b29012993	composed-original-first-remediation
f3f1fe5bddc54422231be7993075f52b157d13b5	f12b47025408599dac28eb6bc736c2aed837fe6a	3c95edc6c1d546658a88d0c09426f45fb775da11	direct-original-second-snapshot-github-managed-ref
f567f69471c7f4f780b1d364f0e578235ea1ea8d	a831afd3644460aae87066622de6f3ebf28317dc	9fdf8e76be8b4bf6ae7fa6bf7d913b4e2cfda1e2	direct-original-second-snapshot-github-managed-ref
f708d304586c703597ee81454a5807b1844fdebc	53ca185cdb555143b2702762dceabd40a23623dd	4d360c080722ec06bdbb1adbc1603a3750a77ff3	composed-original-first-remediation
f709c560712977fa9dafec6d41b6d81011c1ae33	66152a3a66fe05c9ee86fb84a236f8bd21139141	9e4a92a83ac1891649d038c599628d74c6201f3d	composed-original-first-remediation
f70b0f87cc1c4515fe02b852902565429faf18e6	e0847455eece17fea0cead52e406f1f15ea947f2	aa4ddb6ee89394ec8344ea9790250533aa65970c	direct-original-second-snapshot-github-managed-ref
f7fc64ff66ee7739466c6821a965db68fee1aad9	6189798fd0d86c6c3c2764b96d30d599bc93b43c	76db82a167c3d750a0ffefdda163395aa6fd3020	direct-original-second-snapshot-github-managed-ref
f8a05c702b2b6348850cef6f0ee052964d2b3be4	0be62e3944e49f1d689a574fcf312e36018f4b23	92ba65e4142f805f93555ca82a1513c2cdafeaa7	composed-original-first-remediation
ffd83165060c2aa49887b177f215ab3840bd9475	3ac7d2fc43da9001502859e96604114c2c24ed1b	f4a28ca0af2d0a961bd8e5290787dee3a9561f78	direct-original-second-snapshot-github-managed-ref
